{"UUID":"0da70b8f-d949-42b6-98e0-064289a4210a","wood":0.0,"stone":0.0,"metal":0.0,"ore":0.0,"money":0.0,"food":0.0,"range":20.0,"Name":"town","current_population":0.0,"supported_population":0.0,"position_x":488.6459655761719,"position_y":0.5,"position_z":497.0341796875}