{"UUID":"3271213f-5e5b-4b60-86f5-570ee0cd037b","wood":0.0,"stone":0.0,"metal":0.0,"ore":0.0,"money":0.0,"food":0.0,"range":22.03701400756836,"Name":"town","current_population":1.0,"supported_population":2.0,"position_x":488.6459655761719,"position_y":0.5,"position_z":497.0341796875}