{"UUID":"750ed0b7-c173-4a90-b442-f20a7e4f4bfc","wood":0.0,"stone":0.0,"metal":0.0,"ore":0.0,"money":0.0,"food":0.0,"range":22.03701400756836,"Name":"town","current_population":0.0,"supported_population":1.0,"position_x":488.6459655761719,"position_y":0.5,"position_z":497.0341796875}