{"UUID":"76567677-5c7c-4c79-ba9a-71d009d6c704","wood":0.0,"stone":0.0,"metal":0.0,"ore":0.0,"money":0.0,"food":0.0,"range":22.03701400756836,"Name":"town","current_population":0.0,"supported_population":1.0,"position_x":488.6459655761719,"position_y":0.5,"position_z":497.0341796875}