{"UUID":"a381aa5e-cb40-4f3e-b920-7d739f84351e","wood":0.0,"stone":0.0,"metal":0.0,"ore":0.0,"money":0.0,"food":0.0,"range":25.199298858642579,"Name":"town","current_population":1.0,"supported_population":3.0,"position_x":488.6459655761719,"position_y":0.5,"position_z":497.0341796875}